gbif_uri	gbif_id	label_record	label	rdf_lang	gbif_lang	File
https://www.gbif.org/species/3120060	3120060	eng§en§Bloodwort	Bloodwort	en	eng	PhenObs_Species_NewFormat_2019_2024.csv
https://www.gbif.org/species/3120060	3120060	eng§en§Carpenter's Weed	Carpenter's Weed	en	eng	PhenObs_Species_NewFormat_2019_2024.csv
https://www.gbif.org/species/3120060	3120060	eng§en§Common Yarrow	Common Yarrow	en	eng	PhenObs_Species_NewFormat_2019_2024.csv
https://www.gbif.org/species/3120060	3120060	eng§en§Common yarrow	Common yarrow	en	eng	PhenObs_Species_NewFormat_2019_2024.csv
https://www.gbif.org/species/3120060	3120060	deu§de§Gemeine Schafgarbe	Gemeine Schafgarbe	de	deu	PhenObs_Species_NewFormat_2019_2024.csv
https://www.gbif.org/species/3120060	3120060	deu§de§Gewoehnliche Wiesen-Schafgarbe	Gewoehnliche Wiesen-Schafgarbe	de	deu	PhenObs_Species_NewFormat_2019_2024.csv
https://www.gbif.org/species/3120060	3120060	deu§de§Gewöhnliche Schafgarbe	Gewöhnliche Schafgarbe	de	deu	PhenObs_Species_NewFormat_2019_2024.csv
https://www.gbif.org/species/3120060	3120060	deu§de§Gewöhnliche Schafgarbe (Artengruppe)	Gewöhnliche Schafgarbe (Artengruppe)	de	deu	PhenObs_Species_NewFormat_2019_2024.csv
https://www.gbif.org/species/3120060	3120060	deu§de§Gewöhnliche Wiesen-Schafgarbe	Gewöhnliche Wiesen-Schafgarbe	de	deu	PhenObs_Species_NewFormat_2019_2024.csv
https://www.gbif.org/species/3120060	3120060	eng§en§Milenrama	Milenrama	en	eng	PhenObs_Species_NewFormat_2019_2024.csv
https://www.gbif.org/species/3120060	3120060	eng§en§Milfoil	Milfoil	en	eng	PhenObs_Species_NewFormat_2019_2024.csv
https://www.gbif.org/species/3120060	3120060	deu§de§Schafgarbe	Schafgarbe	de	deu	PhenObs_Species_NewFormat_2019_2024.csv
https://www.gbif.org/species/3120060	3120060	eng§en§Western Yarrow	Western Yarrow	en	eng	PhenObs_Species_NewFormat_2019_2024.csv
https://www.gbif.org/species/3120060	3120060	deu§de§Wiesen-Schafgarbe	Wiesen-Schafgarbe	de	deu	PhenObs_Species_NewFormat_2019_2024.csv
https://www.gbif.org/species/3120060	3120060	eng§en§Yarrow	Yarrow	en	eng	PhenObs_Species_NewFormat_2019_2024.csv
https://www.gbif.org/species/3120060	3120060	eng§en§Yarrow, Milfoil	Yarrow, Milfoil	en	eng	PhenObs_Species_NewFormat_2019_2024.csv
https://www.gbif.org/species/3120060	3120060	eng§en§bloodwort	bloodwort	en	eng	PhenObs_Species_NewFormat_2019_2024.csv
https://www.gbif.org/species/3120060	3120060	eng§en§carpenter's weed	carpenter's weed	en	eng	PhenObs_Species_NewFormat_2019_2024.csv
https://www.gbif.org/species/3120060	3120060	eng§en§common yarrow	common yarrow	en	eng	PhenObs_Species_NewFormat_2019_2024.csv
